area_code,gss_code
mz_1612,E09000001
mz_1050,E09000002
mz_1054,E09000002
mz_701,E09000002
mz_1402,E09000002
mz_697,E09000002
mz_699,E09000002
mz_1398,E09000002
mz_1401,E09000002
mz_1400,E09000002
mz_696,E09000002
mz_1059,E09000002
mz_1058,E09000002
mz_1399,E09000002
mz_698,E09000002
mz_1060,E09000002
mz_1397,E09000002
mz_1057,E09000002
mz_1529,E09000002
mz_700,E09000002
mz_1190,E09000003
mz_1189,E09000003
mz_1468,E09000003
mz_1466,E09000003
mz_1449,E09000003
mz_1533,E09000003
mz_1534,E09000003
mz_1176,E09000003
mz_1467,E09000003
mz_650,E09000003
mz_1187,E09000003
mz_1191,E09000003
mz_1473,E09000003
mz_1451,E09000003
mz_1452,E09000003
mz_1508,E09000003
mz_1470,E09000003
mz_1454,E09000003
mz_1455,E09000003
mz_647,E09000003
mz_1450,E09000003
mz_1517,E09000003
mz_1469,E09000003
mz_648,E09000003
mz_1509,E09000003
mz_1178,E09000003
mz_1179,E09000003
mz_1474,E09000003
mz_1324,E09000003
mz_649,E09000003
mz_1180,E09000003
mz_1181,E09000003
mz_1188,E09000003
mz_1472,E09000003
mz_1471,E09000003
mz_1184,E09000003
mz_1326,E09000003
mz_1325,E09000003
mz_1453,E09000003
mz_1186,E09000003
mz_1177,E09000003
mz_1173,E09000003
mz_1175,E09000003
mz_1185,E09000003
mz_469,E09000004
mz_477,E09000004
mz_1064,E09000004
mz_467,E09000004
mz_474,E09000004
mz_1403,E09000004
mz_472,E09000004
mz_1404,E09000004
mz_1065,E09000004
mz_1063,E09000004
mz_468,E09000004
mz_471,E09000004
mz_1062,E09000004
mz_463,E09000004
mz_470,E09000004
mz_1308,E09000004
mz_466,E09000004
mz_465,E09000004
mz_464,E09000004
mz_476,E09000004
mz_473,E09000004
mz_1309,E09000004
mz_1061,E09000004
mz_475,E09000004
mz_1165,E09000005
mz_1163,E09000005
mz_1164,E09000005
mz_1169,E09000005
mz_630,E09000005
mz_1158,E09000005
mz_1447,E09000005
mz_1448,E09000005
mz_1155,E09000005
mz_634,E09000005
mz_1156,E09000005
mz_631,E09000005
mz_633,E09000005
mz_1170,E09000005
mz_1171,E09000005
mz_1159,E09000005
mz_1160,E09000005
mz_1154,E09000005
mz_636,E09000005
mz_1446,E09000005
mz_1153,E09000005
mz_1518,E09000005
mz_1167,E09000005
mz_1168,E09000005
mz_1162,E09000005
mz_637,E09000005
mz_629,E09000005
mz_635,E09000005
mz_632,E09000005
mz_1166,E09000005
mz_1161,E09000005
mz_1172,E09000005
mz_1157,E09000005
mz_1334,E09000006
mz_1332,E09000006
mz_1333,E09000006
mz_482,E09000006
mz_484,E09000006
mz_494,E09000006
mz_992,E09000006
mz_1315,E09000006
mz_1280,E09000006
mz_1281,E09000006
mz_495,E09000006
mz_496,E09000006
mz_1414,E09000006
mz_993,E09000006
mz_490,E09000006
mz_995,E09000006
mz_478,E09000006
mz_1513,E09000006
mz_1335,E09000006
mz_996,E09000006
mz_493,E09000006
mz_485,E09000006
mz_480,E09000006
mz_487,E09000006
mz_489,E09000006
mz_492,E09000006
mz_1331,E09000006
mz_1512,E09000006
mz_479,E09000006
mz_1415,E09000006
mz_1413,E09000006
mz_481,E09000006
mz_991,E09000006
mz_994,E09000006
mz_488,E09000006
mz_1458,E09000007
mz_825,E09000007
mz_1711,E09000007
mz_452,E09000007
mz_1459,E09000007
mz_827,E09000007
mz_829,E09000007
mz_832,E09000007
mz_826,E09000007
mz_831,E09000007
mz_824,E09000007
mz_1464,E09000007
mz_1677,E09000007
mz_941,E09000007
mz_1463,E09000007
mz_939,E09000007
mz_828,E09000007
mz_1558,E09000007
mz_1559,E09000007
mz_746,E09000007
mz_453,E09000007
mz_745,E09000007
mz_940,E09000007
mz_830,E09000007
mz_1073,E09000008
mz_1075,E09000008
mz_521,E09000008
mz_522,E09000008
mz_1067,E09000008
mz_520,E09000008
mz_1068,E09000008
mz_516,E09000008
mz_1070,E09000008
mz_1069,E09000008
mz_1083,E09000008
mz_1082,E09000008
mz_1078,E09000008
mz_510,E09000008
mz_513,E09000008
mz_519,E09000008
mz_514,E09000008
mz_517,E09000008
mz_1072,E09000008
mz_749,E09000008
mz_1077,E09000008
mz_512,E09000008
mz_1081,E09000008
mz_515,E09000008
mz_1076,E09000008
mz_525,E09000008
mz_526,E09000008
mz_1079,E09000008
mz_1080,E09000008
mz_1071,E09000008
mz_511,E09000008
mz_523,E09000008
mz_528,E09000008
mz_524,E09000008
mz_529,E09000008
mz_527,E09000008
mz_1066,E09000008
mz_1074,E09000008
mz_614,E09000009
mz_613,E09000009
mz_1138,E09000009
mz_1140,E09000009
mz_1145,E09000009
mz_618,E09000009
mz_617,E09000009
mz_1136,E09000009
mz_1137,E09000009
mz_1135,E09000009
mz_1134,E09000009
mz_1445,E09000009
mz_1444,E09000009
mz_1494,E09000009
mz_616,E09000009
mz_1132,E09000009
mz_1149,E09000009
mz_1147,E09000009
mz_1146,E09000009
mz_620,E09000009
mz_1150,E09000009
mz_1129,E09000009
mz_1130,E09000009
mz_1139,E09000009
mz_1131,E09000009
mz_1133,E09000009
mz_621,E09000009
mz_1152,E09000009
mz_1151,E09000009
mz_1148,E09000009
mz_1443,E09000009
mz_619,E09000009
mz_1143,E09000009
mz_1144,E09000009
mz_1141,E09000009
mz_1142,E09000009
mz_615,E09000009
mz_1192,E09000010
mz_1193,E09000010
mz_652,E09000010
mz_655,E09000010
mz_660,E09000010
mz_659,E09000010
mz_1199,E09000010
mz_658,E09000010
mz_651,E09000010
mz_1379,E09000010
mz_1378,E09000010
mz_98,E09000010
mz_1709,E09000010
mz_1724,E09000010
mz_1725,E09000010
mz_1511,E09000010
mz_742,E09000010
mz_664,E09000010
mz_1196,E09000010
mz_653,E09000010
mz_1195,E09000010
mz_663,E09000010
mz_1198,E09000010
mz_657,E09000010
mz_1194,E09000010
mz_1510,E09000010
mz_661,E09000010
mz_1723,E09000010
mz_740,E09000010
mz_741,E09000010
mz_654,E09000010
mz_656,E09000010
mz_975,E09000011
mz_976,E09000011
mz_500,E09000011
mz_780,E09000011
mz_972,E09000011
mz_971,E09000011
mz_788,E09000011
mz_1305,E09000011
mz_1306,E09000011
mz_1307,E09000011
mz_790,E09000011
mz_974,E09000011
mz_497,E09000011
mz_786,E09000011
mz_779,E09000011
mz_789,E09000011
mz_499,E09000011
mz_498,E09000011
mz_791,E09000011
mz_782,E09000011
mz_781,E09000011
mz_1699,E09000011
mz_973,E09000011
mz_800,E09000012
mz_798,E09000012
mz_1352,E09000012
mz_1360,E09000012
mz_795,E09000012
mz_1348,E09000012
mz_1349,E09000012
mz_792,E09000012
mz_1362,E09000012
mz_1361,E09000012
mz_796,E09000012
mz_1359,E09000012
mz_1503,E09000012
mz_1502,E09000012
mz_1557,E09000012
mz_1501,E09000012
mz_952,E09000012
mz_951,E09000012
mz_797,E09000012
mz_801,E09000012
mz_803,E09000012
mz_1367,E09000012
mz_1366,E09000012
mz_802,E09000012
mz_799,E09000012
mz_794,E09000012
mz_949,E09000012
mz_793,E09000012
mz_950,E09000012
mz_1301,E09000013
mz_446,E09000013
mz_810,E09000013
mz_1303,E09000013
mz_804,E09000013
mz_445,E09000013
mz_1437,E09000013
mz_1436,E09000013
mz_447,E09000013
mz_1010,E09000013
mz_812,E09000013
mz_813,E09000013
mz_1009,E09000013
mz_1299,E09000013
mz_1435,E09000013
mz_1490,E09000013
mz_1491,E09000013
mz_448,E09000013
mz_809,E09000013
mz_808,E09000013
mz_806,E09000013
mz_1300,E09000013
mz_805,E09000013
mz_1206,E09000014
mz_1456,E09000014
mz_1205,E09000014
mz_1207,E09000014
mz_1209,E09000014
mz_1713,E09000014
mz_1202,E09000014
mz_1519,E09000014
mz_454,E09000014
mz_1201,E09000014
mz_817,E09000014
mz_1204,E09000014
mz_1203,E09000014
mz_818,E09000014
mz_1457,E09000014
mz_1374,E09000014
mz_455,E09000014
mz_1208,E09000014
mz_1371,E09000014
mz_815,E09000014
mz_456,E09000014
mz_814,E09000014
mz_1369,E09000014
mz_1353,E09000014
mz_739,E09000014
mz_1210,E09000014
mz_457,E09000014
mz_1372,E09000014
mz_1376,E09000014
mz_1373,E09000014
mz_1377,E09000014
mz_1375,E09000014
mz_1219,E09000015
mz_1216,E09000015
mz_1211,E09000015
mz_1213,E09000015
mz_1212,E09000015
mz_1222,E09000015
mz_641,E09000015
mz_640,E09000015
mz_642,E09000015
mz_1215,E09000015
mz_643,E09000015
mz_1225,E09000015
mz_1226,E09000015
mz_1223,E09000015
mz_645,E09000015
mz_646,E09000015
mz_1217,E09000015
mz_1218,E09000015
mz_1221,E09000015
mz_644,E09000015
mz_639,E09000015
mz_1224,E09000015
mz_1228,E09000015
mz_1229,E09000015
mz_1227,E09000015
mz_1214,E09000015
mz_1220,E09000015
mz_1244,E09000016
mz_689,E09000016
mz_96,E09000016
mz_1238,E09000016
mz_1239,E09000016
mz_694,E09000016
mz_691,E09000016
mz_100,E09000016
mz_99,E09000016
mz_1242,E09000016
mz_1243,E09000016
mz_1246,E09000016
mz_693,E09000016
mz_692,E09000016
mz_1245,E09000016
mz_93,E09000016
mz_1240,E09000016
mz_1241,E09000016
mz_690,E09000016
mz_687,E09000016
mz_686,E09000016
mz_1318,E09000016
mz_1237,E09000016
mz_1727,E09000016
mz_695,E09000016
mz_97,E09000016
mz_587,E09000017
mz_588,E09000017
mz_592,E09000017
mz_598,E09000017
mz_1312,E09000017
mz_608,E09000017
mz_1275,E09000017
mz_1274,E09000017
mz_605,E09000017
mz_607,E09000017
mz_1271,E09000017
mz_600,E09000017
mz_595,E09000017
mz_1345,E09000017
mz_593,E09000017
mz_597,E09000017
mz_602,E09000017
mz_601,E09000017
mz_606,E09000017
mz_603,E09000017
mz_1270,E09000017
mz_1272,E09000017
mz_1273,E09000017
mz_1321,E09000017
mz_1322,E09000017
mz_590,E09000017
mz_1343,E09000017
mz_1311,E09000017
mz_604,E09000017
mz_589,E09000017
mz_594,E09000017
mz_1122,E09000018
mz_1124,E09000018
mz_1697,E09000018
mz_1693,E09000018
mz_1109,E09000018
mz_1108,E09000018
mz_585,E09000018
mz_586,E09000018
mz_1121,E09000018
mz_1118,E09000018
mz_1123,E09000018
mz_1128,E09000018
mz_1125,E09000018
mz_1126,E09000018
mz_1127,E09000018
mz_1120,E09000018
mz_1116,E09000018
mz_1114,E09000018
mz_1119,E09000018
mz_1113,E09000018
mz_1110,E09000018
mz_1111,E09000018
mz_1115,E09000018
mz_583,E09000018
mz_1117,E09000018
mz_1441,E09000018
mz_584,E09000018
mz_1112,E09000018
mz_1440,E09000018
mz_1107,E09000018
mz_820,E09000019
mz_1355,E09000019
mz_1582,E09000019
mz_1354,E09000019
mz_821,E09000019
mz_819,E09000019
mz_1642,E09000019
mz_1568,E09000019
mz_1368,E09000019
mz_1537,E09000019
mz_948,E09000019
mz_944,E09000019
mz_943,E09000019
mz_1536,E09000019
mz_1535,E09000019
mz_1285,E09000019
mz_823,E09000019
mz_1370,E09000019
mz_946,E09000019
mz_945,E09000019
mz_1287,E09000019
mz_1286,E09000019
mz_947,E09000019
mz_1357,E09000019
mz_1356,E09000019
mz_942,E09000019
mz_928,E09000020
mz_833,E09000020
mz_837,E09000020
mz_451,E09000020
mz_449,E09000020
mz_1297,E09000020
mz_1298,E09000020
mz_926,E09000020
mz_1004,E09000020
mz_835,E09000020
mz_834,E09000020
mz_1007,E09000020
mz_1008,E09000020
mz_450,E09000020
mz_927,E09000020
mz_836,E09000020
mz_1006,E09000020
mz_1296,E09000020
mz_1255,E09000021
mz_1254,E09000021
mz_1260,E09000021
mz_537,E09000021
mz_1249,E09000021
mz_1250,E09000021
mz_1257,E09000021
mz_1258,E09000021
mz_540,E09000021
mz_1247,E09000021
mz_1251,E09000021
mz_536,E09000021
mz_539,E09000021
mz_538,E09000021
mz_1253,E09000021
mz_1259,E09000021
mz_1256,E09000021
mz_1248,E09000021
mz_1586,E09000022
mz_1588,E09000022
mz_891,E09000022
mz_895,E09000022
mz_841,E09000022
mz_1295,E09000022
mz_1293,E09000022
mz_893,E09000022
mz_889,E09000022
mz_1294,E09000022
mz_1426,E09000022
mz_843,E09000022
mz_842,E09000022
mz_894,E09000022
mz_434,E09000022
mz_840,E09000022
mz_900,E09000022
mz_899,E09000022
mz_901,E09000022
mz_890,E09000022
mz_1427,E09000022
mz_888,E09000022
mz_1292,E09000022
mz_1423,E09000022
mz_1680,E09000022
mz_1585,E09000022
mz_436,E09000022
mz_887,E09000022
mz_435,E09000022
mz_898,E09000022
mz_896,E09000022
mz_903,E09000022
mz_902,E09000022
mz_904,E09000022
mz_738,E09000022
mz_897,E09000022
mz_892,E09000022
mz_1424,E09000022
mz_1425,E09000022
mz_988,E09000023
mz_849,E09000023
mz_848,E09000023
mz_981,E09000023
mz_1416,E09000023
mz_1417,E09000023
mz_1406,E09000023
mz_987,E09000023
mz_989,E09000023
mz_881,E09000023
mz_1520,E09000023
mz_1304,E09000023
mz_1410,E09000023
mz_432,E09000023
mz_847,E09000023
mz_985,E09000023
mz_982,E09000023
mz_984,E09000023
mz_846,E09000023
mz_983,E09000023
mz_883,E09000023
mz_844,E09000023
mz_1412,E09000023
mz_1411,E09000023
mz_986,E09000023
mz_1408,E09000023
mz_1409,E09000023
mz_845,E09000023
mz_433,E09000023
mz_545,E09000024
mz_1100,E09000024
mz_543,E09000024
mz_1003,E09000024
mz_542,E09000024
mz_544,E09000024
mz_1506,E09000024
mz_1000,E09000024
mz_549,E09000024
mz_1507,E09000024
mz_999,E09000024
mz_998,E09000024
mz_1001,E09000024
mz_1099,E09000024
mz_548,E09000024
mz_1505,E09000024
mz_546,E09000024
mz_997,E09000024
mz_547,E09000024
mz_1504,E09000024
mz_856,E09000024
mz_1316,E09000025
mz_1317,E09000025
mz_459,E09000025
mz_1384,E09000025
mz_963,E09000025
mz_957,E09000025
mz_858,E09000025
mz_1391,E09000025
mz_1524,E09000025
mz_1387,E09000025
mz_968,E09000025
mz_966,E09000025
mz_1383,E09000025
mz_964,E09000025
mz_1386,E09000025
mz_458,E09000025
mz_754,E09000025
mz_1380,E09000025
mz_859,E09000025
mz_1382,E09000025
mz_965,E09000025
mz_956,E09000025
mz_969,E09000025
mz_1388,E09000025
mz_958,E09000025
mz_1381,E09000025
mz_959,E09000025
mz_857,E09000025
mz_1385,E09000025
mz_955,E09000025
mz_1043,E09000026
mz_1048,E09000026
mz_1042,E09000026
mz_705,E09000026
mz_709,E09000026
mz_1039,E09000026
mz_1040,E09000026
mz_707,E09000026
mz_1047,E09000026
mz_1046,E09000026
mz_1045,E09000026
mz_1394,E09000026
mz_1033,E09000026
mz_711,E09000026
mz_1044,E09000026
mz_1035,E09000026
mz_1038,E09000026
mz_1049,E09000026
mz_1031,E09000026
mz_1032,E09000026
mz_1034,E09000026
mz_702,E09000026
mz_706,E09000026
mz_1041,E09000026
mz_1396,E09000026
mz_710,E09000026
mz_1395,E09000026
mz_1037,E09000026
mz_703,E09000026
mz_708,E09000026
mz_1036,E09000026
mz_704,E09000026
mz_577,E09000027
mz_1476,E09000027
mz_1477,E09000027
mz_1106,E09000027
mz_1103,E09000027
mz_1329,E09000027
mz_1330,E09000027
mz_578,E09000027
mz_1104,E09000027
mz_581,E09000027
mz_1492,E09000027
mz_576,E09000027
mz_1493,E09000027
mz_1102,E09000027
mz_1101,E09000027
mz_580,E09000027
mz_1105,E09000027
mz_582,E09000027
mz_579,E09000027
mz_1418,E09000028
mz_769,E09000028
mz_1419,E09000028
mz_1422,E09000028
mz_1420,E09000028
mz_1583,E09000028
mz_1575,E09000028
mz_1576,E09000028
mz_777,E09000028
mz_765,E09000028
mz_764,E09000028
mz_766,E09000028
mz_1290,E09000028
mz_1478,E09000028
mz_885,E09000028
mz_773,E09000028
mz_1480,E09000028
mz_1421,E09000028
mz_772,E09000028
mz_767,E09000028
mz_884,E09000028
mz_886,E09000028
mz_870,E09000028
mz_775,E09000028
mz_776,E09000028
mz_1479,E09000028
mz_768,E09000028
mz_774,E09000028
mz_770,E09000028
mz_771,E09000028
mz_1488,E09000028
mz_1085,E09000029
mz_1086,E09000029
mz_1098,E09000029
mz_1097,E09000029
mz_530,E09000029
mz_1090,E09000029
mz_1084,E09000029
mz_1096,E09000029
mz_1095,E09000029
mz_1093,E09000029
mz_1091,E09000029
mz_534,E09000029
mz_1088,E09000029
mz_532,E09000029
mz_533,E09000029
mz_1094,E09000029
mz_1089,E09000029
mz_531,E09000029
mz_1087,E09000029
mz_1092,E09000029
mz_862,E09000030
mz_864,E09000030
mz_865,E09000030
mz_1545,E09000030
mz_1544,E09000030
mz_871,E09000030
mz_1364,E09000030
mz_1365,E09000030
mz_873,E09000030
mz_875,E09000030
mz_879,E09000030
mz_876,E09000030
mz_878,E09000030
mz_852,E09000030
mz_850,E09000030
mz_867,E09000030
mz_872,E09000030
mz_874,E09000030
mz_461,E09000030
mz_1539,E09000030
mz_869,E09000030
mz_866,E09000030
mz_1679,E09000030
mz_1500,E09000030
mz_1681,E09000030
mz_860,E09000030
mz_851,E09000030
mz_1011,E09000031
mz_1013,E09000031
mz_1025,E09000031
mz_1023,E09000031
mz_1028,E09000031
mz_1030,E09000031
mz_1029,E09000031
mz_712,E09000031
mz_1017,E09000031
mz_1016,E09000031
mz_1012,E09000031
mz_1015,E09000031
mz_714,E09000031
mz_713,E09000031
mz_1019,E09000031
mz_1027,E09000031
mz_1022,E09000031
mz_1389,E09000031
mz_1021,E09000031
mz_716,E09000031
mz_1498,E09000031
mz_717,E09000031
mz_1018,E09000031
mz_1024,E09000031
mz_1026,E09000031
mz_1390,E09000031
mz_908,E09000032
mz_909,E09000032
mz_921,E09000032
mz_439,E09000032
mz_442,E09000032
mz_913,E09000032
mz_853,E09000032
mz_916,E09000032
mz_1438,E09000032
mz_912,E09000032
mz_438,E09000032
mz_925,E09000032
mz_924,E09000032
mz_441,E09000032
mz_923,E09000032
mz_907,E09000032
mz_763,E09000032
mz_911,E09000032
mz_920,E09000032
mz_910,E09000032
mz_905,E09000032
mz_854,E09000032
mz_444,E09000032
mz_762,E09000032
mz_437,E09000032
mz_914,E09000032
mz_915,E09000032
mz_1439,E09000032
mz_855,E09000032
mz_440,E09000032
mz_917,E09000032
mz_919,E09000032
mz_918,E09000032
mz_935,E09000033
mz_936,E09000033
mz_1460,E09000033
mz_758,E09000033
mz_761,E09000033
mz_1461,E09000033
mz_931,E09000033
mz_937,E09000033
mz_1431,E09000033
mz_1434,E09000033
mz_757,E09000033
mz_756,E09000033
mz_1433,E09000033
mz_929,E09000033
mz_934,E09000033
mz_933,E09000033
mz_1581,E09000033
mz_938,E09000033
mz_1327,E09000033
mz_1572,E09000033
mz_760,E09000033
mz_932,E09000033
mz_930,E09000033
mz_312,E08000001
mz_312,E08000002
mz_312,E08000003
mz_312,E08000004
mz_312,E08000005
mz_312,E08000006
mz_312,E08000007
mz_312,E08000008
mz_312,E08000009
mz_312,E08000010
mz_312,E08000011
mz_312,E08000012
mz_312,E08000013
mz_312,E08000014
mz_312,E08000015
mz_304,E08000016
mz_304,E08000017
mz_304,E08000018
mz_304,E08000019
mz_279,E08000037
mz_279,E08000021
mz_279,E08000022
mz_279,E08000023
mz_279,E08000024
mz_316,E08000025
mz_311,E08000025
mz_316,E08000026
mz_316,E08000027
mz_316,E08000028
mz_316,E08000029
mz_316,E08000030
mz_316,E08000031
mz_317,E08000031
mz_304,E08000032
mz_304,E08000033
mz_304,E08000034
mz_304,E08000035
mz_278,E08000035
mz_304,E08000036
mz_279,E06000001
mz_279,E06000002
mz_279,E06000003
mz_279,E06000004
mz_279,E06000005
mz_312,E06000006
mz_312,E06000007
mz_312,E06000008
mz_312,E06000009
mz_278,E06000010
mz_278,E06000011
mz_278,E06000012
mz_278,E06000013
mz_278,E06000014
mz_306,E06000015
mz_307,E06000016
mz_307,E06000017
mz_310,E06000018
mz_311,E06000019
mz_318,E06000020
mz_317,E06000021
mz_324,E06000022
mz_324,E06000023
mz_324,E06000024
mz_330,E06000025
mz_324,E06000025
mz_321,E06000026
mz_321,E06000027
mz_407,E06000058
mz_326,E06000030
mz_413,E06000031
mz_132,E06000032
mz_128,E06000033
mz_127,E06000033
mz_126,E06000033
mz_724,E06000034
mz_722,E06000034
mz_723,E06000034
mz_72,E06000034
mz_73,E06000034
mz_69,E06000034
mz_83,E06000034
mz_71,E06000034
mz_70,E06000034
mz_246,E06000035
mz_247,E06000035
mz_254,E06000035
mz_241,E06000035
mz_240,E06000035
mz_403,E06000035
mz_404,E06000035
mz_182,E06000036
mz_183,E06000036
mz_176,E06000036
mz_186,E06000037
mz_419,E06000037
mz_185,E06000037
mz_184,E06000037
mz_385,E06000038
mz_420,E06000038
mz_38,E06000039
mz_39,E06000039
mz_40,E06000039
mz_36,E06000040
mz_34,E06000040
mz_35,E06000040
mz_735,E06000040
mz_1487,E06000040
mz_387,E06000041
mz_391,E06000041
mz_390,E06000041
mz_389,E06000041
mz_388,E06000041
mz_158,E06000042
mz_157,E06000042
mz_147,E06000042
mz_196,E06000043
mz_197,E06000043
mz_179,E06000044
mz_169,E06000045
mz_173,E06000046
mz_181,E06000046
mz_376,E06000056
mz_165,E06000056
mz_145,E06000056
mz_334,E06000056
mz_146,E06000056
mz_375,E06000056
mz_425,E06000055
mz_424,E06000055
mz_426,E06000055
mz_373,E06000056
mz_374,E06000056
mz_357,E06000056
mz_358,E06000056
mz_139,E06000056
mz_149,E06000060
mz_150,E06000060
mz_161,E06000060
mz_156,E06000060
mz_159,E06000060
mz_160,E06000060
mz_155,E06000060
mz_46,E06000060
mz_44,E06000060
mz_45,E06000060
mz_49,E06000060
mz_47,E06000060
mz_50,E06000060
mz_48,E06000060
mz_42,E06000060
mz_43,E06000060
mz_627,E06000060
mz_41,E06000060
mz_736,E06000060
mz_1701,E06000060
mz_1726,E06000060
mz_361,E06000060
mz_365,E06000060
mz_362,E06000060
mz_364,E06000060
mz_360,E06000060
mz_153,E06000060
mz_154,E06000060
mz_363,E06000060
mz_359,E06000060
mz_290,E07000008
mz_294,E07000009
mz_284,E07000009
mz_282,E07000009
mz_283,E07000010
mz_286,E07000011
mz_287,E07000011
mz_414,E07000011
mz_377,E07000012
mz_378,E07000012
mz_384,E07000012
mz_293,E07000012
mz_289,E07000012
mz_288,E07000012
mz_292,E07000012
mz_291,E07000012
mz_285,E07000012
mz_312,E06000050
mz_312,E06000049
mz_320,E06000052
mz_313,E06000063
mz_313,E06000064
mz_306,E07000032
mz_306,E07000033
mz_306,E07000034
mz_306,E07000035
mz_306,E07000036
mz_306,E07000037
mz_312,E07000037
mz_306,E07000038
mz_306,E07000039
mz_321,E07000040
mz_321,E07000041
mz_321,E07000042
mz_321,E07000043
mz_321,E07000044
mz_321,E07000045
mz_321,E07000046
mz_321,E07000047
mz_407,E06000059
mz_279,E06000047
mz_198,E07000061
mz_235,E07000062
mz_234,E07000062
mz_224,E07000063
mz_226,E07000063
mz_225,E07000063
mz_227,E07000063
mz_401,E07000064
mz_238,E07000064
mz_402,E07000064
mz_236,E07000064
mz_276,E07000064
mz_237,E07000064
mz_228,E07000065
mz_231,E07000065
mz_229,E07000065
mz_233,E07000065
mz_232,E07000065
mz_208,E07000065
mz_230,E07000065
mz_353,E07000066
mz_336,E07000066
mz_130,E07000066
mz_129,E07000066
mz_354,E07000066
mz_381,E07000067
mz_115,E07000067
mz_382,E07000067
mz_114,E07000067
mz_74,E07000068
mz_75,E07000068
mz_104,E07000069
mz_107,E07000069
mz_108,E07000070
mz_351,E07000070
mz_349,E07000070
mz_350,E07000070
mz_352,E07000070
mz_348,E07000070
mz_347,E07000070
mz_109,E07000070
mz_131,E07000070
mz_394,E07000071
mz_392,E07000071
mz_393,E07000071
mz_721,E07000072
mz_718,E07000072
mz_719,E07000072
mz_64,E07000072
mz_66,E07000072
mz_67,E07000072
mz_1485,E07000072
mz_1486,E07000072
mz_13,E07000072
mz_12,E07000072
mz_68,E07000072
mz_10,E07000072
mz_65,E07000072
mz_366,E07000073
mz_123,E07000074
mz_122,E07000074
mz_125,E07000075
mz_105,E07000075
mz_124,E07000075
mz_106,E07000075
mz_113,E07000076
mz_112,E07000076
mz_120,E07000077
mz_110,E07000077
mz_119,E07000077
mz_118,E07000077
mz_111,E07000077
mz_103,E07000077
mz_121,E07000077
mz_117,E07000077
mz_116,E07000077
mz_325,E07000078
mz_325,E07000079
mz_325,E07000080
mz_325,E07000081
mz_325,E07000082
mz_325,E07000083
mz_422,E07000084
mz_421,E07000084
mz_423,E07000084
mz_188,E07000085
mz_187,E07000085
mz_189,E07000085
mz_192,E07000085
mz_191,E07000085
mz_190,E07000085
mz_170,E07000086
mz_171,E07000087
mz_172,E07000088
mz_177,E07000089
mz_411,E07000089
mz_412,E07000089
mz_408,E07000089
mz_409,E07000089
mz_410,E07000089
mz_180,E07000090
mz_406,E07000091
mz_405,E07000091
mz_331,E07000092
mz_178,E07000092
mz_166,E07000093
mz_168,E07000094
mz_167,E07000094
mz_53,E07000095
mz_54,E07000095
mz_55,E07000096
mz_57,E07000096
mz_58,E07000096
mz_77,E07000096
mz_76,E07000096
mz_134,E07000242
mz_367,E07000242
mz_368,E07000242
mz_355,E07000242
mz_138,E07000242
mz_356,E07000242
mz_135,E07000242
mz_141,E07000242
mz_137,E07000242
mz_140,E07000242
mz_136,E07000242
mz_677,E07000098
mz_1234,E07000098
mz_1235,E07000098
mz_1233,E07000098
mz_1230,E07000098
mz_675,E07000098
mz_1231,E07000098
mz_1232,E07000098
mz_737,E07000098
mz_1706,E07000098
mz_383,E07000099
mz_335,E07000099
mz_142,E07000099
mz_144,E07000099
mz_143,E07000099
mz_59,E07000240
mz_79,E07000240
mz_60,E07000240
mz_78,E07000240
mz_80,E07000240
mz_133,E07000243
mz_5,E07000102
mz_673,E07000102
mz_52,E07000102
mz_674,E07000102
mz_666,E07000102
mz_51,E07000102
mz_47,E07000102
mz_667,E07000102
mz_672,E07000102
mz_6,E07000102
mz_669,E07000102
mz_670,E07000102
mz_668,E07000102
mz_665,E07000102
mz_680,E07000103
mz_682,E07000103
mz_683,E07000103
mz_678,E07000103
mz_1279,E07000103
mz_1278,E07000103
mz_684,E07000103
mz_1277,E07000103
mz_681,E07000103
mz_1276,E07000103
mz_679,E07000103
mz_1707,E07000241
mz_82,E07000241
mz_62,E07000241
mz_63,E07000241
mz_81,E07000241
mz_400,E07000105
mz_257,E07000105
mz_258,E07000105
mz_256,E07000105
mz_399,E07000105
mz_259,E07000105
mz_268,E07000106
mz_396,E07000106
mz_395,E07000106
mz_266,E07000106
mz_267,E07000106
mz_18,E07000107
mz_501,E07000107
mz_506,E07000107
mz_509,E07000107
mz_507,E07000107
mz_19,E07000107
mz_20,E07000107
mz_503,E07000107
mz_508,E07000107
mz_502,E07000107
mz_504,E07000107
mz_261,E07000108
mz_339,E07000108
mz_260,E07000108
mz_340,E07000108
mz_262,E07000108
mz_244,E07000109
mz_245,E07000109
mz_239,E07000109
mz_242,E07000110
mz_337,E07000110
mz_248,E07000110
mz_251,E07000110
mz_249,E07000110
mz_21,E07000111
mz_22,E07000111
mz_24,E07000111
mz_84,E07000111
mz_1,E07000111
mz_20,E07000111
mz_101,E07000111
mz_23,E07000111
mz_1282,E07000111
mz_255,E07000112
mz_397,E07000112
mz_338,E07000112
mz_398,E07000112
mz_269,E07000113
mz_270,E07000113
mz_273,E07000113
mz_272,E07000113
mz_271,E07000113
mz_265,E07000114
mz_263,E07000114
mz_264,E07000114
mz_343,E07000115
mz_342,E07000115
mz_253,E07000115
mz_372,E07000115
mz_250,E07000115
mz_341,E07000115
mz_371,E07000115
mz_252,E07000115
mz_243,E07000116
mz_369,E07000116
mz_275,E07000116
mz_370,E07000116
mz_274,E07000116
mz_312,E07000117
mz_312,E07000118
mz_312,E07000119
mz_312,E07000120
mz_312,E07000121
mz_312,E07000122
mz_312,E07000123
mz_312,E07000124
mz_312,E07000125
mz_312,E07000126
mz_312,E07000127
mz_312,E07000128
mz_307,E07000129
mz_307,E07000130
mz_307,E07000131
mz_307,E07000132
mz_307,E07000133
mz_307,E07000134
mz_307,E07000135
mz_277,E07000136
mz_277,E07000137
mz_277,E07000138
mz_277,E07000139
mz_277,E07000140
mz_277,E07000141
mz_277,E07000142
mz_296,E07000143
mz_298,E07000144
mz_295,E07000144
mz_1722,E07000145
mz_281,E07000146
mz_280,E07000146
mz_1719,E07000146
mz_1718,E07000146
mz_297,E07000147
mz_295,E07000148
mz_299,E07000149
mz_309,E06000061
mz_308,E06000062
mz_309,E06000062
mz_308,E06000061
mz_279,E06000057
mz_278,E06000065
mz_310,E07000170
mz_305,E07000171
mz_310,E07000172
mz_310,E07000173
mz_310,E07000174
mz_305,E07000175
mz_310,E07000175
mz_310,E07000176
mz_148,E07000177
mz_415,E07000178
mz_163,E07000179
mz_418,E07000179
mz_417,E07000179
mz_162,E07000179
mz_386,E07000179
mz_164,E07000179
mz_416,E07000179
mz_152,E07000180
mz_151,E07000181
mz_318,E06000051
mz_328,E06000066
mz_329,E06000066
mz_317,E07000192
mz_317,E07000193
mz_306,E07000193
mz_317,E07000194
mz_317,E07000195
mz_317,E07000196
mz_317,E07000197
mz_317,E07000198
mz_317,E07000199
mz_301,E07000200
mz_303,E07000245
mz_300,E07000202
mz_302,E07000203
mz_380,E07000245
mz_379,E07000245
mz_1720,E07000244
mz_1721,E07000244
mz_567,E07000207
mz_1339,E07000207
mz_568,E07000207
mz_564,E07000207
mz_560,E07000207
mz_566,E07000207
mz_565,E07000207
mz_1263,E07000207
mz_1264,E07000207
mz_561,E07000207
mz_557,E07000207
mz_563,E07000207
mz_559,E07000207
mz_558,E07000207
mz_562,E07000207
mz_552,E07000208
mz_554,E07000208
mz_553,E07000208
mz_1261,E07000208
mz_556,E07000208
mz_1262,E07000208
mz_555,E07000208
mz_730,E07000209
mz_1704,E07000209
mz_731,E07000209
mz_729,E07000209
mz_1338,E07000209
mz_1703,E07000209
mz_1710,E07000209
mz_91,E07000209
mz_574,E07000210
mz_725,E07000210
mz_30,E07000210
mz_89,E07000210
mz_90,E07000210
mz_31,E07000210
mz_571,E07000211
mz_572,E07000211
mz_573,E07000211
mz_29,E07000211
mz_27,E07000211
mz_88,E07000211
mz_569,E07000211
mz_28,E07000211
mz_570,E07000211
mz_1283,E07000211
mz_1284,E07000211
mz_1481,E07000212
mz_1482,E07000212
mz_624,E07000212
mz_732,E07000212
mz_623,E07000212
mz_733,E07000212
mz_626,E07000212
mz_32,E07000212
mz_1347,E07000213
mz_1346,E07000213
mz_1269,E07000213
mz_1267,E07000213
mz_1265,E07000213
mz_1514,E07000213
mz_1320,E07000213
mz_622,E07000213
mz_1515,E07000213
mz_1268,E07000213
mz_1266,E07000213
mz_175,E07000214
mz_333,E07000214
mz_174,E07000214
mz_87,E07000215
mz_86,E07000215
mz_102,E07000215
mz_85,E07000215
mz_26,E07000215
mz_1484,E07000215
mz_25,E07000215
mz_1483,E07000215
mz_550,E07000215
mz_204,E07000216
mz_205,E07000216
mz_206,E07000216
mz_193,E07000216
mz_1729,E07000216
mz_207,E07000216
mz_727,E07000217
mz_575,E07000217
mz_726,E07000217
mz_728,E07000217
mz_734,E07000217
mz_315,E07000218
mz_315,E07000219
mz_315,E07000220
mz_315,E07000221
mz_315,E07000222
mz_220,E07000223
mz_219,E07000223
mz_209,E07000224
mz_214,E07000224
mz_213,E07000224
mz_210,E07000224
mz_212,E07000224
mz_211,E07000224
mz_201,E07000225
mz_202,E07000225
mz_203,E07000225
mz_200,E07000225
mz_215,E07000225
mz_344,E07000226
mz_218,E07000227
mz_217,E07000227
mz_332,E07000227
mz_216,E07000227
mz_345,E07000227
mz_199,E07000228
mz_194,E07000228
mz_222,E07000228
mz_346,E07000228
mz_223,E07000228
mz_221,E07000228
mz_195,E07000229
mz_327,E06000054
mz_326,E06000054
mz_322,E06000054
mz_323,E06000054
mz_311,E07000234
mz_311,E07000235
mz_311,E07000236
mz_311,E07000237
mz_311,E07000238
mz_311,E07000239
mz_990,E09000023
mz_3,E07000215
mz_1499,E09000030
mz_877,E09000030
mz_743,E09000030
mz_1489,E09000013
mz_1688,E09000028
mz_1430,E09000032
mz_906,E09000032
mz_1197,E09000010
mz_1584,E09000022
mz_980,E09000023
mz_1640,E09000019
mz_961,E09000025
mz_1051,E09000002
mz_1462,E09000033
mz_787,E09000011
mz_977,E09000011
mz_688,E09000016
mz_1291,E09000022
mz_1289,E09000028
mz_1288,E09000028
mz_1495,E09000005
mz_638,E09000005
mz_1323,E09000009
mz_1694,E09000018
mz_748,E09000008
mz_979,E09000011
mz_978,E09000011
mz_1698,E09000011
mz_1530,E09000025
mz_1392,E09000025
mz_962,E09000025
mz_880,E09000023
mz_1053,E09000002
mz_715,E09000031
mz_1497,E09000031
mz_591,E09000017
mz_1337,E07000107
mz_807,E09000013
mz_443,E09000032
mz_1429,E09000032
mz_56,E07000102
mz_1363,E09000030
mz_861,E09000030
mz_868,E09000030
mz_1543,E09000030
mz_1538,E09000030
mz_1547,E09000030
mz_1546,E09000030
mz_314,W06000001
mz_314,W06000002
mz_314,W06000003
mz_314,W06000004
mz_314,W06000005
mz_314,W06000006
mz_319,W06000023
mz_319,W06000008
mz_319,W06000009
mz_319,W06000010
mz_319,W06000011
mz_319,W06000012
mz_319,W06000013
mz_319,W06000014
mz_319,W06000016
mz_319,W06000024
mz_319,W06000018
mz_319,W06000019
mz_319,W06000020
mz_319,W06000021
mz_319,W06000022
mz_319,W06000015
mz_320,E06000053
mz_1052,E09000002
mz_491,E09000006
mz_1689,E09000007
mz_747,E09000007
mz_1442,E09000009
mz_662,E09000010
mz_785,E09000011
mz_784,E09000011
mz_462,E09000012
mz_811,E09000013
mz_816,E09000014
mz_599,E09000017
mz_822,E09000019
mz_838,E09000020
mz_1252,E09000021
mz_1405,E09000023
mz_882,E09000023
mz_1407,E09000023
mz_1002,E09000024
mz_967,E09000025
mz_778,E09000028
mz_863,E09000030
mz_460,E09000030
mz_1014,E09000031
mz_922,E09000032
mz_1432,E09000033
mz_1565,E09000033
mz_720,E07000072
mz_56,E07000096
mz_7,E07000240
mz_2,E07000111
mz_1350,E09000025
mz_1393,E09000026
mz_1687,E09000033
mz_1672,E09000028
mz_1682,E09000028
mz_1183,E09000003
mz_1522,E09000011
mz_960,E09000025
mz_752,E09000025
mz_1527,E09000002
mz_1358,E09000012
mz_92,E09000016
mz_1055,E09000002
mz_1531,E09000032
mz_954,E09000025
mz_953,E09000025
mz_551,E07000215
mz_1475,E09000003
mz_16,E07000072
mz_94,E09000016
mz_625,E07000212
mz_1705,E07000209
mz_783,E09000011
mz_8,E07000240
mz_628,E06000060
mz_685,E09000016
mz_1556,E09000030
mz_1573,E09000033
mz_1336,E07000107
mz_612,E09000009
mz_1598,E09000007
mz_1428,E09000032
mz_726,E07000209
mz_1342,E09000017
mz_1020,E09000031
mz_541,E09000024
mz_1673,E09000028
mz_30,E07000211
mz_751,E09000025
mz_744,E09000007
mz_4,E06000060
mz_1516,E09000003
mz_1056,E09000002
mz_1702,E06000039
mz_37,E06000040
mz_1587,E09000022
mz_535,E09000021
mz_1302,E09000013
mz_839,E09000020
mz_1236,E09000016
mz_1540,E09000030
mz_1005,E09000020
mz_1560,E09000030
mz_1200,E09000014
mz_1523,E09000011
mz_1589,E09000022
mz_431,E09000030
mz_1658,E09000033
mz_95,E09000016
mz_1696,E09000018
mz_1602,E09000007
mz_429,E09000019
mz_1600,E09000007
mz_9,E07000240
mz_1351,E09000025
mz_970,E09000011
mz_1669,E09000028
mz_483,E09000006
mz_1670,E09000028
mz_1686,E09000033
mz_1578,E09000007
mz_1532,E09000032
mz_753,E09000025
mz_1639,E09000019
mz_755,E09000033
mz_1174,E09000003
mz_1701,E06000039
mz_14,E07000072
mz_1521,E09000023
mz_1465,E09000003
mz_1685,E09000012
mz_1580,E09000033
mz_505,E07000107
mz_750,E09000033
mz_15,E07000072
mz_1314,E09000008
mz_428,E09000007
mz_1567,E09000019
mz_1496,E09000005
mz_1597,E09000007
mz_1655,E09000033
mz_1599,E09000007
mz_1593,E09000033
mz_1328,E09000022
mz_1182,E09000003
mz_1577,E09000028
mz_430,E09000030
mz_1671,E09000028
mz_486,E09000006
mz_676,E07000098
mz_1569,E09000033
mz_1595,E09000033
mz_1638,E09000019
mz_671,E07000102
mz_1319,E09000016
mz_1310,E09000017
mz_33,E06000040
mz_759,E09000033
mz_1674,E09000007
mz_1313,E09000008
mz_1528,E09000002
mz_1690,E09000007
mz_1637,E09000019
mz_1592,E09000033
mz_1591,E09000033
mz_1526,E09000002
mz_1641,E09000019
mz_1579,E09000007
mz_1683,E09000012
mz_1570,E09000033
mz_1664,E09000033
mz_1590,E09000022
mz_1667,E09000033
mz_1574,E09000033
mz_1563,E09000001
mz_1708,E07000241
mz_1665,E09000033
mz_427,E09000007
mz_1663,E09000033
mz_1660,E09000033
mz_1564,E09000001
mz_518,E09000008
mz_1594,E09000033
mz_1566,E09000019
mz_1541,E09000030
mz_1571,E09000033
mz_1525,E09000025
mz_1691,E09000007
mz_11,E07000072
mz_1700,E06000039
mz_1652,E09000033
mz_1596,E09000033
mz_1553,E09000030
mz_1659,E09000033
mz_1712,E09000007
mz_1675,E09000007
mz_1615,E09000001
mz_1662,E09000033
mz_1549,E09000030
mz_1628,E09000001
mz_1601,E09000007
mz_1676,E09000007
mz_1656,E09000033
mz_1661,E09000033
mz_1657,E09000033
mz_1633,E09000001
mz_610,E09000017
mz_1636,E09000019
mz_1548,E09000030
mz_1666,E09000033
mz_1616,E09000001
mz_1728,E07000209
mz_61,E07000096
mz_1613,E09000001
mz_17,E07000072
mz_1630,E09000001
mz_1668,E09000033
mz_1654,E09000033
mz_1684,E09000012
mz_1341,E09000017
mz_1643,E09000033
mz_1551,E09000030
mz_1695,E09000018
mz_1707,E07000098
mz_1610,E09000001
mz_1609,E09000001
mz_1550,E09000030
mz_1555,E09000030
mz_1552,E09000030
mz_1645,E09000033
mz_1678,E09000019
mz_1651,E09000033
mz_1650,E09000033
mz_1649,E09000033
mz_1344,E09000017
mz_1646,E09000033
mz_1692,E09000007
mz_1644,E09000033
mz_609,E09000017
mz_1605,E09000001
mz_1561,E09000001
mz_1606,E09000001
mz_1648,E09000033
mz_1554,E09000030
mz_1611,E09000001
mz_1604,E09000001
mz_1607,E09000001
mz_1618,E09000001
mz_596,E09000017
mz_1653,E09000033
mz_1608,E09000001
mz_1620,E09000001
mz_1562,E09000001
mz_137,E07000243
mz_1647,E09000033
mz_1032,E09000025
mz_1619,E09000001
mz_611,E09000017
mz_1614,E09000001
mz_1542,E09000030
mz_1629,E09000001
mz_1617,E09000001
mz_1634,E09000001
mz_1603,E09000001
mz_1626,E09000001
mz_1625,E09000001
mz_1627,E09000001
mz_1623,E09000001
mz_1631,E09000001
mz_1624,E09000001
mz_1635,E09000001
mz_1632,E09000001
mz_1340,E09000017
mz_1622,E09000001
mz_1621,E09000001
